{
    "ActionSound": "",
    "AutoUnlock": true,
    "Cards": [
        "{\n    \"UnitsInDeck\": 3,\n    \"Card\": \"steelskin\"\n}",
        "{\n    \"UnitsInDeck\": 4,\n    \"Card\": \"punch\"\n}",
        "{\n    \"UnitsInDeck\": 2,\n    \"Card\": \"irongolemshieldcharge\"\n}",
        "{\n    \"UnitsInDeck\": 2,\n    \"Card\": \"shakeitoff\"\n}",
        "{\n    \"UnitsInDeck\": 1,\n    \"Card\": \"entrench\"\n}",
        "{\n    \"UnitsInDeck\": 2,\n    \"Card\": \"provoke\"\n}",
        "{\n    \"UnitsInDeck\": 1,\n    \"Card\": \"irongolemshieldlaser\"\n}"
    ],
    "ChallengePack0": "defender",
    "ChallengePack1": "guardian",
    "ChallengePack2": "commander",
    "ChallengePack3": "destroyer",
    "ChallengePack4": "warlord",
    "ChallengePack5": "brawler",
    "ChallengePack6": "gladiator",
    "CharacterDescription": "Forged deeb within the Black Forge, Dorlf was originally confused. He didn't know what his purpose was, but everyone agreed on two things: he could be annoying, and he was stubborn.  ",
    "CharacterDescriptionStrength": "This character excels at taunting foes, shielding allies, and resisting enemies.",
    "CharacterName": "Dorlf",
    "Energy": 1,
    "EnergyTurn": 3,
    "Female": false,
    "FluffOffsetX": 0,
    "FluffOffsetY": 3.40000009536743,
    "HeroClass": "warrior",
    "HeroClassSecondary": "none",
    "HitSound": "",
    "HP": 120,
    "ID": "irongolem",
    "Item": "irongolemironcore",
    "MaxHP": [
        0,
        10,
        10,
        10,
        10
    ],
    "OrderInList": 5,
    "ResistSlashing": 25,
    "ResistBlunt": 15,
    "ResistPiercing": 25,
    "ResistFire": 10,
    "ResistCold": 0,
    "ResistLightning": 15,
    "ResistHoly": 10,
    "ResistShadow": 5,
    "ResistMind": -5,
    "Speed": 13,
    "SpriteBorderLocked": "dorlfSilueta",
    "StickerBase": "",
    "StickerAngry": "",
    "StickerIndifferent": "",
    "StickerLove": "",
    "StickerSurprise": "",
    "StickerOffsetX": 0.100000001490116,
    "SubclassName": "Irongolem",
    "Trait0": "irongolemtrait0",
    "Trait1A": "irongolemtrait1b",
    "Trait1B": "irongolemtrait1a",
    "Trait2A": "irongolemtrait2a",
    "Trait2B": "irongolemtrait2b",
    "Trait3A": "irongolemtrait3a",
    "Trait3B": "irongolemtrait3b",
    "Trait4A": "irongolemtrait4a",
    "Trait4B": "irongolemtrait4b",
    "CardsSingularity": [
        "irongolemshieldlaser",
        "steelskin",
        "punch",
        "irongolemshieldcharge",
        "shakeitoff",
        "entrench",
        "provoke",
        "bluff",
        "pommel",
        "groundslam",
        "guard",
        "intercept",
        "defend",
        "repairarmor",
        "helpinghand"
    ]
}